No,City ID,City,Country,Lat,Lng,Temperature,Humidity,Clouds,Wind Speed
0,986717,Kruisfontein,ZA,-34.0033,24.7314,48.88,89,3,4.41
1,746983,Gelibolu,TR,40.4103,26.6708,76.86,76,0,1.77
2,2206939,Bluff,NZ,-46.6,168.3333,49.8,96,100,9.26
3,537094,Lal'sk,RU,60.7415,47.5862,70.74,69,41,5.01
4,5122534,Jamestown,US,42.097,-79.2353,78.28,39,1,11.01
5,728193,Plovdiv,BG,42.15,24.75,78.4,66,20,9.22
6,2126785,Belaya Gora,RU,68.5333,146.4167,74.14,32,35,5.44
7,6167817,Torbay,CA,47.6666,-52.7314,58.95,72,20,8.05
8,1490256,Talnakh,RU,69.4865,88.3972,49.41,67,100,8.21
9,1651810,Airai,TL,-8.9266,125.4092,57.78,92,16,2.26
10,2449893,Tessalit,ML,20.1986,1.0114,92.28,25,69,9.84
11,339551,Dejen,ET,10.1667,38.1333,58.26,59,100,3.38
12,1626932,Singaraja,ID,-8.112,115.0882,78.22,83,22,2.51
13,3860443,Comodoro Rivadavia,AR,-45.8667,-67.5,53.46,37,20,18.41
14,2377457,Nouadhibou,MR,20.931,-17.0347,69.78,73,3,18.41
15,3445026,Vila Velha,BR,-20.3297,-40.2925,67.95,83,0,0.0
16,3441890,Departamento de Maldonado,UY,-34.6667,-54.9167,54.79,87,100,24.27
17,3444924,Vitória,BR,-20.3194,-40.3378,67.86,83,0,0.0
18,6170031,Tuktoyaktuk,CA,69.4541,-133.0374,64.4,59,75,14.97
19,6201424,Mataura,NZ,-46.1927,168.8643,49.48,93,100,4.29
20,933995,Souillac,MU,-20.5167,57.5167,70.18,56,20,9.22
21,3874787,Punta Arenas,CL,-53.15,-70.9167,33.91,93,40,5.75
22,1715335,Davila,PH,18.4726,120.5763,76.98,81,100,9.15
23,5855927,Hilo,US,19.7297,-155.09,80.4,66,75,10.36
24,2155415,New Norfolk,AU,-42.7826,147.0587,40.64,89,75,1.28
25,3380290,Sinnamary,GF,5.3833,-52.95,79.72,81,17,7.7
26,2191562,Dunedin,NZ,-45.8742,170.5036,52.81,73,100,7.0
27,2126123,Chokurdakh,RU,70.6333,147.9167,56.25,44,100,12.33
28,2074865,Carnarvon,AU,-24.8667,113.6333,42.87,49,6,9.22
29,286621,Salalah,OM,17.0151,54.0924,80.69,83,75,8.05
30,935215,Saint-Philippe,RE,-21.3585,55.7679,63.61,65,37,7.45
31,3460107,Jaraguá,BR,-15.7569,-49.3344,75.42,31,0,1.86
32,3430863,Mar del Plata,AR,-38.0023,-57.5575,53.73,66,0,7.0
33,6185377,Yellowknife,CA,62.456,-114.3525,70.32,46,20,12.66
34,3379507,Bartica,GY,6.4,-58.6167,84.52,85,95,3.83
35,3893726,Constitución,CL,-35.3333,-72.4167,54.05,86,100,10.38
36,3355672,Lüderitz,NA,-26.6481,15.1594,56.91,73,3,6.55
37,3833367,Ushuaia,AR,-54.8,-68.3,40.66,75,40,17.27
38,3430443,Necochea,AR,-38.5473,-58.7368,53.04,69,0,15.79
39,2092164,Lorengau,PG,-2.0226,147.2712,80.55,82,99,4.34
40,3369157,Cape Town,ZA,-33.9258,18.4232,48.31,88,0,2.3
41,3671497,Puerto Colombia,CO,10.9878,-74.9547,75.29,73,100,10.31
42,3393838,Nova Olinda do Norte,BR,-3.8881,-59.0942,83.03,70,98,2.95
43,3448903,São João da Barra,BR,-21.6403,-41.0511,69.89,68,66,9.98
44,934649,Cap Malheureux,MU,-19.9842,57.6142,69.48,64,92,4.0
45,3831208,Qaanaaq,GL,77.484,-69.3632,40.48,74,92,1.3
46,2058430,Whyalla,AU,-33.0333,137.5833,48.83,77,14,11.79
47,5354943,Half Moon Bay,US,37.4636,-122.4286,72.41,61,1,11.5
48,2276492,Harper,LR,4.375,-7.7169,75.81,89,100,7.09
49,3421719,Narsaq,GL,60.9167,-46.05,48.42,98,100,4.03
50,779622,Havøysund,NO,70.9963,24.6622,50.88,85,100,4.72
51,4020109,Atuona,PF,-9.8,-139.0333,78.26,78,20,10.98
52,2643044,Margate,GB,51.3813,1.3862,62.31,87,100,1.99
53,5848280,Kapaa,US,22.0752,-159.319,81.23,72,1,3.0
54,1015776,Bredasdorp,ZA,-34.5322,20.0403,43.92,93,0,6.91
55,1507390,Dikson,RU,73.5069,80.5464,32.63,90,64,17.43
56,103630,Najrān,SA,17.4924,44.1277,86.65,12,63,4.43
57,2075265,Busselton,AU,-33.65,115.3333,43.05,74,96,8.08
58,2823141,Thale,DE,51.75,11.05,62.37,95,100,3.42
59,4030556,Rikitea,PF,-23.1203,-134.9692,75.2,76,55,8.23
60,2264557,Ponta do Sol,PT,32.6667,-17.1,66.13,54,15,4.03
61,108410,Riyadh,SA,24.6877,46.7219,91.54,13,0,5.39
62,964432,Port Alfred,ZA,-33.5906,26.891,57.67,81,74,6.4
63,4033557,Tautira,PF,-17.7333,-149.15,80.62,81,48,16.35
64,2014624,Udachny,RU,66.4167,112.4,61.59,47,0,4.61
65,505820,Povenets,RU,62.8487,34.8262,61.79,95,99,4.94
66,5911745,Burns Lake,CA,54.2331,-125.7533,67.42,46,100,7.43
67,3423146,Ilulissat,GL,69.2167,-51.1,44.62,61,4,4.61
68,3366880,Hermanus,ZA,-34.4187,19.2345,50.81,79,0,11.05
69,1649150,Bengkulu,ID,-3.8004,102.2655,74.3,91,78,4.21
70,2015306,Tiksi,RU,71.6872,128.8694,34.3,87,100,5.66
71,5924351,Clyde River,CA,70.4692,-68.5914,48.43,66,75,9.22
72,5106841,Albany,US,42.6001,-73.9662,76.39,39,0,9.55
73,4032243,Vaini,TO,-21.2,-175.2,73.56,78,20,17.27
74,2017155,Saskylakh,RU,71.9167,114.0833,58.86,44,95,9.8
75,2110227,Butaritari,KI,3.0707,172.7902,82.62,77,69,15.43
76,5367788,Lompoc,US,34.6391,-120.4579,70.95,65,1,13.8
77,3354077,Opuwo,NA,-18.0607,13.84,60.58,36,0,6.64
78,5392900,Santa Ana,US,33.7456,-117.8678,78.58,54,20,3.0
79,546105,Nikolskoye,RU,59.7035,30.7861,64.87,97,7,1.99
80,3382160,Cayenne,GF,4.9333,-52.3333,83.08,78,40,1.99
81,3491161,Bull Savanna,JM,17.8868,-77.5902,81.12,71,89,10.96
82,4031574,Provideniya,RU,64.3833,-173.3,64.51,55,0,11.18
83,2138555,Poum,NC,-20.2333,164.0167,73.78,62,84,21.07
84,3466165,Cidreira,BR,-30.1811,-50.2056,61.23,95,79,3.89
85,1729469,Baculin,PH,7.4525,126.5842,77.05,85,91,3.89
86,2450173,Taoudenni,ML,22.6783,-3.9836,104.5,8,3,8.23
87,739598,Sinop Province,TR,41.7711,34.8709,61.36,80,16,3.36
88,6113406,Prince Rupert,CA,54.3161,-130.3201,61.99,85,100,0.89
89,2108857,Gizo Government Station,SB,-8.103,156.8419,81.55,78,72,10.07
90,3883457,Lebu,CL,-37.6167,-73.65,52.84,87,100,7.65
91,5364271,Laguna,US,38.421,-121.4238,85.03,38,1,5.01
92,2018069,Peleduy,RU,59.6289,112.7406,67.53,66,52,2.46
93,3471451,Arraial do Cabo,BR,-22.9661,-42.0278,71.46,68,0,14.97
94,3832899,Viedma,AR,-40.8135,-62.9967,57.51,41,14,21.65
95,942701,Vrede,ZA,-27.4257,29.1659,46.87,52,3,1.74
96,244878,Biltine,TD,14.5333,20.9167,82.13,49,77,11.23
97,5970873,Hare Bay,CA,48.8499,-54.0148,60.42,48,6,6.96
98,2071860,Esperance,AU,-33.8667,121.9,49.42,82,49,8.81
99,6089245,Norman Wells,CA,65.282,-126.8329,84.24,30,75,4.61
100,2070998,Geraldton,AU,-28.7667,114.6,41.41,87,0,6.91
101,3115824,Muros,ES,42.7762,-9.0603,62.42,77,2,9.78
102,3641351,El Tigre,VE,8.8875,-64.2454,84.31,59,87,2.44
103,1714733,Dingle,PH,10.9995,122.6711,75.97,89,100,2.04
104,3466704,Castro,BR,-24.7911,-50.0119,58.06,87,72,6.53
105,2163355,Hobart,AU,-42.8794,147.3294,41.92,94,40,1.99
106,3985710,Cabo San Lucas,MX,22.8909,-109.9124,87.75,48,40,4.61
107,2399001,Mayumba,GA,-3.432,10.6554,72.66,90,8,5.77
108,2164457,Grenfell,AU,-33.9,148.1667,42.33,91,90,6.31
109,706612,Katiuzhanka,UA,50.806,30.1376,71.56,81,71,5.19
110,5563839,Fortuna,US,40.5982,-124.1573,64.24,76,1,3.0
111,1514792,Gazojak,TM,41.1875,61.4036,83.46,32,0,12.86
112,609906,Fort-Shevchenko,KZ,44.5086,50.263,84.96,37,38,12.91
113,3652764,Puerto Ayora,EC,-0.7393,-90.3518,82.36,75,98,12.5
114,3395981,Maceió,BR,-9.6658,-35.7353,76.44,78,75,6.91
115,4031742,Egvekinot,RU,66.3167,-179.1667,54.09,43,23,10.69
116,5880054,Barrow,US,71.2906,-156.7887,39.22,81,90,11.5
117,5919850,Chapais,CA,49.7834,-74.8492,60.58,86,100,12.88
118,3389822,Salinópolis,BR,-0.6136,-47.3561,79.02,83,16,9.19
119,921906,Domoni,KM,-12.2569,44.5319,73.02,78,0,3.58
120,5546220,Saint George,US,37.1041,-113.5841,94.6,18,1,3.0
121,2136825,Isangel,VU,-19.55,169.2667,71.71,73,75,6.91
122,3374210,São Filipe,CV,14.8961,-24.4956,73.9,76,26,17.81
123,359792,Aswān,EG,24.0934,32.907,90.72,18,0,10.65
124,3418910,Upernavik,GL,72.7868,-56.1549,40.53,80,100,11.88
125,6111862,Port Hardy,CA,50.6996,-127.4199,73.58,60,75,13.8
126,2094746,Kandrian,PG,-6.2167,149.55,77.34,89,84,9.24
127,2412408,Nioro,GM,13.35,-15.75,83.84,62,84,9.69
128,2122104,Petropavlovsk-Kamchatskiy,RU,53.0452,158.6483,50.59,71,20,13.42
129,1645528,Denpasar,ID,-8.65,115.2167,78.46,94,75,1.14
130,100926,Umluj,SA,25.0213,37.2685,84.92,55,2,9.53
131,2126710,Beringovskiy,RU,63.05,179.3167,49.42,71,93,12.35
132,2647311,Haverfordwest,GB,51.8017,-4.9691,60.46,90,100,8.77
133,3372707,Ribeira Grande,PT,38.5167,-28.7,67.73,87,43,5.97
134,1489656,Teya,RU,60.3778,92.6267,49.73,98,100,3.49
135,2984512,Arrondissement de Rambouillet,FR,48.5833,1.9167,56.26,85,65,5.48
136,3572462,Dunmore Town,BS,25.5,-76.65,81.03,74,84,12.5
137,1168700,Ormara,PK,25.2088,64.6357,82.74,77,98,12.08
138,3137469,Sørland,NO,67.667,12.6934,50.07,81,100,13.51
139,527321,Mezen',RU,65.8522,44.24,57.45,88,100,5.7
140,4021858,Guerrero Negro,MX,27.9769,-114.0611,73.51,64,11,18.81
141,4035715,Avarua,CK,-21.2078,-159.775,78.85,83,75,14.97
142,4032369,Pangai,TO,-19.8,-174.35,73.51,68,40,11.5
143,5847411,Kahului,US,20.8947,-156.47,80.76,68,40,12.66
144,2562619,Saint Lawrence,MT,36.0553,14.204,79.86,81,25,6.35
145,5282297,Bethel,US,41.3712,-73.414,72.95,49,1,9.22
146,3461408,Ilhéus,BR,-14.7889,-39.0494,76.82,78,40,12.66
147,3450083,Santa Maria,BR,-29.6842,-53.8069,60.1,88,75,14.97
148,520783,Nizhniy Chir,RU,48.3597,43.0865,72.54,33,83,9.06
149,1785462,Zaoyang,CN,32.1272,112.7542,76.48,81,92,5.53
150,686090,Asău,RO,46.4333,26.4,68.05,100,2,3.87
151,1266397,Kodīnar,IN,20.7903,70.7031,83.84,73,96,15.19
152,2074113,Collie,AU,-33.3667,116.15,39.97,88,88,3.04
153,2132606,Samarai,PG,-10.6167,150.6667,78.64,80,100,13.29
154,1503153,Klyuchi,RU,52.2667,79.1667,50.92,84,96,15.23
155,3372472,Vila Franca do Campo,PT,37.7167,-25.4333,68.41,85,98,8.93
156,2039557,Khasan,RU,42.4308,130.6434,60.35,88,10,3.2
157,2122614,Ekhabi,RU,53.5102,142.9671,51.22,89,100,4.5
158,5866583,Saint Paul Harbor,US,57.79,-152.4072,51.31,71,75,17.27
159,3514780,Veracruz,MX,19.3333,-96.6667,88.07,60,88,5.44
160,3461550,Ibitinga,BR,-21.7578,-48.8289,81.99,40,29,2.1
161,3699544,Ascope,PE,-7.7144,-79.1078,63.73,60,12,8.39
162,2022572,Khatanga,RU,71.9667,102.5,58.93,63,100,11.68
163,1282256,Hithadhoo,MV,-0.6,73.0833,81.12,74,99,9.19
164,5044290,Saint Anthony,US,45.0205,-93.218,83.88,55,1,4.0
165,3435038,Dolores,AR,-36.3132,-57.6792,53.74,47,18,10.87
166,6053446,Lewisporte,CA,49.2499,-55.0482,74.7,33,7,6.26
167,3466980,Caravelas,BR,-17.7125,-39.2481,71.6,66,88,7.52
168,3460966,Itaberaba,BR,-12.5275,-40.3069,76.91,53,99,9.86
169,6071618,Medicine Hat,CA,50.0501,-110.6683,64.18,70,90,1.01
170,2065594,Mount Isa,AU,-20.7333,139.5,55.17,76,90,5.75
171,6165406,Thompson,CA,55.7435,-97.8558,64.56,32,40,12.66
172,2015913,Suntar,RU,62.1444,117.6319,66.83,77,85,3.22
173,1505579,Inta,RU,66.0317,60.1659,53.11,55,93,9.15
174,777019,Vardø,NO,70.3705,31.1107,44.8,92,100,8.63
175,2451778,San,ML,13.3034,-4.8956,87.22,49,52,15.68
176,1809498,Guilin,CN,25.2819,110.2864,78.91,96,100,1.41
177,2027316,Ayan,RU,56.45,138.1667,50.83,78,100,2.15
178,934322,Mahébourg,MU,-20.4081,57.7,70.09,56,20,9.22
179,3424607,Tasiilaq,GL,65.6145,-37.6368,41.16,96,100,5.77
180,3421765,Nanortalik,GL,60.1432,-45.2371,43.61,97,100,17.11
181,2194098,Ahipara,NZ,-35.1667,173.1667,51.4,80,87,4.18
182,3381538,Grand-Santi,GF,4.25,-54.3833,81.41,68,87,1.72
183,3443061,Chui,UY,-33.6971,-53.4616,55.62,92,100,18.75
184,3670218,San Andrés,CO,12.5847,-81.7006,84.22,74,75,10.36
185,4787534,Sterling,US,39.0062,-77.4286,77.2,46,20,1.99
186,3430545,Morón,AR,-34.6534,-58.6198,58.69,67,0,1.99
187,1487332,Verkhnyaya Inta,RU,65.9811,60.3094,52.52,56,90,8.77
188,921786,Mitsamiouli,KM,-11.3847,43.2844,75.42,64,0,4.23
189,2112802,Hasaki,JP,35.7333,140.8333,68.23,86,100,7.76
190,6620339,Karratha,AU,-20.7377,116.8463,57.54,53,15,14.65
191,1061605,Manakara,MG,-22.1333,48.0167,61.16,91,9,4.99
192,1493722,Rebrikha,RU,53.0733,82.3408,47.73,97,100,8.37
193,866062,Iskateley,RU,67.6803,53.1512,50.38,62,100,10.71
194,6176823,Waterloo,CA,43.4668,-80.5164,76.64,54,40,8.99
195,1162094,Ziarat,PK,30.3823,67.7282,63.19,34,0,0.96
196,2236967,Soyo,AO,-6.1349,12.3689,73.2,88,38,8.79
197,2517117,Granada,ES,37.1882,-3.6067,72.09,54,0,1.01
198,2146219,Hervey Bay,AU,-25.2986,152.8535,68.04,84,100,5.48
199,1735106,George Town,MY,5.4112,100.3354,76.96,93,20,1.01
200,1819729,Hong Kong,HK,22.2855,114.1577,79.92,92,100,1.99
201,3374083,Bathsheba,BB,13.2167,-59.5167,83.01,69,40,11.5
202,964420,Port Elizabeth,ZA,-33.918,25.5701,48.49,93,20,3.44
203,2172880,Byron Bay,AU,-28.65,153.6167,63.03,79,100,15.08
204,371745,Kutum,SD,14.2,24.6667,81.05,31,27,5.03
205,2015352,Terney,RU,45.0503,136.6092,60.46,89,42,4.45
206,4036284,Alofi,NU,-19.0595,-169.9187,76.89,83,75,1.14
207,2250982,Kahone,SN,14.15,-16.0333,95.02,36,75,9.22
208,3533753,Yara,CU,20.2753,-76.9533,89.53,50,86,3.4
209,2400547,Tsogni,GA,-2.7942,10.0988,71.98,91,13,4.76
210,1540475,Turtas,RU,58.9417,69.1325,48.63,71,37,5.19
211,3472473,Alto Araguaia,BR,-17.3147,-53.2153,77.4,28,8,3.27
212,1486321,Yar-Sale,RU,66.8333,70.8333,45.86,68,21,9.13
213,3931276,Puno,PE,-15.8333,-70.0333,49.98,23,6,6.71
214,4165995,Niceville,US,30.5169,-86.4822,85.39,77,20,5.01
215,2208248,Kaitangata,NZ,-46.2817,169.8464,48.92,77,100,5.06
216,2209055,Waddān,LY,29.1614,16.139,93.06,17,0,17.72
217,1630639,Pringsewu,ID,-5.3582,104.9744,71.24,96,89,1.3
218,3655185,Nueva Loja,EC,0.0847,-76.8828,84.22,65,40,3.44
219,1504382,Kargasok,RU,59.0556,80.8572,47.75,94,100,6.15
220,1140025,Herat Province,AF,34.5,62.0,75.18,20,0,24.49
221,3461370,Imbituba,BR,-28.24,-48.6703,67.89,93,75,12.08
222,6050194,La Sarre,CA,48.8002,-79.1996,61.11,92,100,17.07
223,2270385,Camacha,PT,33.0833,-16.3333,63.82,68,40,10.36
224,3416888,Grindavik,IS,63.8424,-22.4338,50.77,71,0,18.41
225,3868707,Valdivia,CL,-39.8142,-73.2459,50.09,90,73,2.73
226,2121385,Severo-Kuril'sk,RU,50.6789,156.125,45.05,95,99,7.34
227,3352136,Windhoek,NA,-22.5594,17.0832,51.12,51,0,2.17
228,898947,Senanga,ZM,-16.1167,23.2667,58.17,49,0,4.65
229,3155152,Gravdal,NO,68.1214,13.5031,49.71,82,100,10.74
230,3139597,Sistranda,NO,63.7256,8.834,51.76,88,100,13.11
231,2090021,Namatanai,PG,-3.6667,152.4333,78.89,83,30,3.85
232,3669461,San Juan de Urabá,CO,8.7592,-76.5297,81.03,79,100,5.17
233,2028164,Deputatsky,RU,69.3,139.9,61.23,47,87,3.42
234,2641598,Newport,GB,51.5877,-2.9984,59.85,79,83,8.5
235,4032420,Neiafu,TO,-18.65,-173.9833,74.08,78,75,5.75
236,1633419,Padang,ID,-0.9492,100.3543,76.64,87,67,3.94
237,5861897,Fairbanks,US,64.8378,-147.7164,74.88,41,40,3.44
238,1267390,Kavaratti,IN,10.5669,72.642,82.4,75,82,14.97
239,3388847,São Félix do Xingu,BR,-6.6447,-51.995,80.91,61,73,2.3
240,6100069,Peace River,CA,56.2501,-117.286,77.31,41,90,23.02
241,88533,Awjilah,LY,29.1081,21.2869,88.97,21,0,13.33
242,2127060,Arman',RU,59.7,150.1667,50.2,84,100,3.31
243,2158767,Mareeba,AU,-17.0,145.4333,63.43,95,42,2.15
244,2180815,Tuatapere,NZ,-46.1333,167.6833,48.81,97,100,4.94
245,1529376,Korla,CN,41.7597,86.1469,75.78,24,0,1.41
246,1512019,Aksarka,RU,66.5606,67.7975,44.69,63,100,8.25
247,490108,Sotnikovskoye,RU,45.0039,43.7772,74.12,60,17,1.61
248,5883074,Albanel,CA,48.8832,-72.4487,76.98,44,96,16.11
249,2112656,Ichinoseki,JP,38.9167,141.1333,64.56,95,93,0.58
250,5384471,Porterville,US,36.0652,-119.0168,90.9,31,0,5.75
251,988356,Kokstad,ZA,-30.5472,29.4241,48.09,92,56,3.02
252,3141667,Roald,NO,62.5833,6.1333,51.46,100,90,14.97
253,1810979,Fuling,CN,29.7022,107.3919,74.79,89,100,0.13
254,913029,Kapiri Mposhi,ZM,-13.9652,28.6809,55.74,62,1,5.41
255,1812256,Dongsheng,CN,39.8161,109.9776,66.49,66,100,6.85
256,3372783,Ponta Delgada,PT,37.7333,-25.6667,68.72,88,75,8.05
257,2063036,Port Lincoln,AU,-34.7333,135.8667,51.67,75,90,11.83
258,1502073,Krasnosel'kup,RU,65.7,82.4667,48.85,73,100,14.12
259,1806445,Ji’an,CN,27.1172,114.9793,75.0,93,72,2.06
260,2136150,Luganville,VU,-15.5333,167.1667,77.0,64,21,14.03
261,3203651,Bosanski Brod,BA,45.1375,17.9897,82.65,59,2,4.21
262,3369174,Calvinia,ZA,-31.4707,19.776,49.91,41,1,5.75
263,3347019,Mossamedes,AO,-15.1961,12.1522,66.97,84,1,5.64
264,5972291,Havre-St-Pierre,CA,50.2334,-63.5986,68.36,49,1,11.5
265,792680,Belgrade,RS,44.804,20.4651,80.85,42,0,9.22
266,110690,Faya,SA,18.3851,42.4509,75.72,15,98,7.2
267,1106677,Bambous Virieux,MU,-20.3428,57.7575,70.05,56,20,9.22
268,2036933,Helong,CN,42.5397,128.9972,60.06,78,0,3.94
269,1508260,Novobirilyussy,RU,56.9514,90.6661,51.39,99,100,5.03
270,5563397,Eureka,US,40.8021,-124.1637,64.2,74,65,7.0
271,3625710,Upata,VE,8.0086,-62.3989,80.22,77,78,3.83
272,3470674,Barra dos Coqueiros,BR,-10.9089,-37.0386,78.82,65,40,11.5
273,2729907,Longyearbyen,SJ,78.2186,15.6401,37.24,87,75,6.91
274,584279,Adamovka,RU,51.5223,59.9396,62.33,44,16,4.27
275,4726521,San Patricio,US,28.017,-97.5169,89.51,56,43,16.71
276,3361934,Saldanha,ZA,-33.0117,17.9442,46.45,63,0,7.0
277,3628473,San Cristobal,VE,7.7669,-72.225,78.98,78,87,3.83
278,5895424,Bay Roberts,CA,47.5999,-53.2648,61.0,77,31,7.45
279,210379,Lusambo,CD,-4.9667,23.45,78.15,44,65,0.87
280,2122090,Pevek,RU,69.7008,170.3133,36.36,81,75,11.99
281,5762718,Belle Fourche,US,44.6714,-103.8522,71.33,56,94,18.37
282,2155562,Nelson Bay,AU,-32.7167,152.15,56.21,95,99,9.46
283,2156643,Mount Gambier,AU,-37.8333,140.7667,46.56,95,45,1.36
284,2141305,Fayaoué,NC,-20.65,166.5333,72.63,70,88,19.44
285,3395458,Maragogi,BR,-9.0122,-35.2225,74.16,88,25,10.71
286,2171099,Codrington,AU,-38.2667,141.9667,49.64,88,47,4.41
287,1626542,Sorong,ID,-0.8833,131.25,77.77,84,46,2.53
288,5746545,Portland,US,45.5234,-122.6762,83.46,46,40,1.99
289,139223,Chālūs,IR,36.655,51.4204,72.86,83,0,0.0
290,3019766,La Baule-Escoublac,FR,47.2922,-2.364,60.39,77,44,9.22
291,4088916,Scottsboro,US,34.6723,-86.0341,83.14,69,90,4.61
292,3939761,Hualmay,PE,-11.0964,-77.6139,66.74,74,18,11.32
293,2120591,Tilichiki,RU,60.4667,166.1,60.93,57,84,4.56
294,6113466,Princeville,CA,45.7668,-61.2985,71.37,39,1,5.75
295,158016,Kibara,TZ,-2.15,33.45,70.74,67,7,2.35
296,2315026,Kasongo-Lunda,CD,-6.4667,16.8167,72.28,45,19,0.38
297,5391295,Salinas,US,36.6777,-121.6555,69.89,57,1,11.5
298,514706,Osa,RU,57.2829,55.4567,64.71,94,44,3.51
299,508743,Plyussa,RU,58.4308,29.3654,66.22,92,11,3.2
300,2240449,Luanda,AO,-8.8368,13.2343,73.4,88,40,9.22
301,6255012,Flinders,AU,-34.5833,150.8552,51.24,79,75,1.01
302,2636790,Stornoway,GB,58.2093,-6.3865,49.96,81,75,18.41
303,6355222,Yulara,AU,-25.2406,130.9889,37.24,93,2,5.75
304,5969025,Haines Junction,CA,60.7522,-137.5108,67.95,42,97,6.91
305,4853423,Davenport,US,41.5236,-90.5776,78.4,79,1,1.99
306,1630723,Poso,ID,-1.3959,120.7524,75.25,83,66,4.23
307,1214488,Meulaboh,ID,4.1363,96.1285,74.01,94,91,5.03
308,5780557,Riverton,US,40.5219,-111.9391,71.73,40,52,11.07
309,2512186,Puerto del Rosario,ES,28.5004,-13.8627,69.55,60,20,17.27
310,3394023,Natal,BR,-5.795,-35.2094,79.02,73,75,10.36
311,2297810,Mumford,GH,5.2618,-0.759,77.41,83,96,7.9
312,2119283,Zyryanka,RU,65.75,150.85,70.34,40,5,3.76
313,145724,Lucapa,AO,-8.4192,20.7447,69.3,41,1,2.13
314,1636806,Majene,ID,-3.5403,118.9707,76.68,89,78,4.65
315,1279027,Alibag,IN,18.6411,72.8792,82.47,83,100,9.19
316,2367990,Aného,TG,6.2333,1.6,79.12,78,87,7.43
317,2548885,Fes,MA,34.0372,-4.9998,82.65,39,0,5.75
318,2012530,Zhigansk,RU,66.7697,123.3711,54.91,66,24,15.23
319,5018739,Bloomington,US,44.8408,-93.2983,84.45,57,75,8.99
320,1490085,Tarko-Sale,RU,64.9225,77.785,50.45,67,100,11.95
321,3091969,Międzyrzecz,PL,52.4446,15.578,56.97,97,12,4.54
322,5815136,Washougal,US,45.5826,-122.3534,83.26,47,1,4.61
323,1655140,Pakxan,LA,18.3778,103.6601,74.79,97,100,2.21
324,4946620,Palmer,US,42.1584,-72.3287,75.61,42,20,4.0
325,2013279,Vostok,RU,46.4856,135.8833,59.58,90,37,3.87
326,3420846,Qaqortoq,GL,60.7167,-46.0333,48.7,97,100,10.47
327,1142226,Dawlatabad,AF,36.4141,64.9053,77.99,17,0,6.91
328,908718,Maamba,ZM,-17.3667,27.15,60.62,52,0,3.13
329,1651531,Ambon City,ID,-3.6954,128.1814,79.7,82,27,5.1
330,780687,Berlevåg,NO,70.8578,29.0864,49.95,81,0,0.0
331,2654970,Brae,GB,60.3964,-1.353,48.11,85,100,20.51
332,1259552,Pīpri,IN,19.8,75.5333,75.96,64,100,10.58
333,3375941,Skeldon,GY,5.8833,-57.1333,79.0,82,62,6.22
334,5972762,Hay River,CA,60.8156,-115.7999,85.98,25,20,13.8
335,53654,Mogadishu,SO,2.0371,45.3438,77.56,82,100,14.45
336,1151073,Prachuap Khiri Khan,TH,12.2167,99.75,75.18,76,64,7.4
337,472271,Volya,RU,51.7651,39.5404,73.49,88,66,6.71
338,3899539,Antofagasta,CL,-23.65,-70.4,60.08,73,1,9.08
339,300058,Susurluk,TR,39.9136,28.1578,72.28,71,0,0.83
340,6144312,Sept-Îles,CA,50.2001,-66.3821,65.48,65,75,3.0
341,2126199,Cherskiy,RU,68.75,161.3,63.82,36,62,8.81
342,2064735,Nhulunbuy,AU,-12.2333,136.7667,72.21,94,71,3.44
343,1246294,Galle,LK,6.0367,80.217,79.12,85,76,12.37
344,3440777,Rocha,UY,-34.4833,-54.3333,53.53,89,100,24.09
345,3356832,Henties Bay,NA,-22.116,14.2845,57.85,78,0,6.35
346,3356213,Khorixas,NA,-20.3667,14.9667,66.16,30,0,9.78
347,5882953,Aklavik,CA,68.2191,-135.0107,69.8,60,40,3.44
348,609924,Emba,KZ,48.8264,58.1442,72.99,48,18,6.24
349,1508501,Chadan,RU,51.2833,91.5833,52.99,57,100,1.86
350,1529660,Aksu,CN,41.1231,80.2644,75.51,27,100,5.1
351,2488835,Médéa,DZ,36.2642,2.7539,64.85,85,31,3.96
352,5720495,Coos Bay,US,43.3665,-124.2179,67.73,73,1,16.11
353,2521840,Alora,ES,36.8236,-4.7058,69.57,64,0,4.97
354,1006984,East London,ZA,-33.0153,27.9116,60.37,85,100,6.29
355,570508,Buy,RU,58.4786,41.53,71.47,72,1,6.02
356,2112309,Katsuura,JP,35.1333,140.3,71.37,82,100,5.5
357,1235846,Matara,LK,5.9485,80.5353,78.04,88,89,10.22
358,3671437,Caucayá,CO,-0.1934,-74.7819,82.02,68,80,3.42
359,583345,Aleksandrov Gay,RU,50.147,48.5704,78.91,50,0,8.61
360,2476660,Tigzirt,DZ,36.8886,4.1198,71.19,85,38,13.4
361,1264244,Majholi,IN,23.5,79.9167,78.82,77,100,11.03
362,4035249,Lufilufi,WS,-13.8745,-171.5986,77.79,84,100,18.43
363,863061,Usinsk,RU,65.9939,57.5281,56.5,55,99,10.04
364,3671418,Puerto López,CO,4.0845,-72.956,84.34,70,53,1.86
365,3421982,Maniitsoq,GL,65.4167,-52.9,41.54,78,100,8.03
366,2630299,Hofn,IS,64.2539,-15.2082,52.5,60,100,5.64
367,3894426,Coyhaique,CL,-45.5752,-72.0662,37.35,81,75,3.44
368,5983720,Iqaluit,CA,63.7506,-68.5145,43.7,65,75,23.0
369,3464724,Diamantino,BR,-14.4086,-56.4461,84.69,33,0,2.75
370,2374775,Bissau,GW,11.8636,-15.5977,80.71,78,20,6.91
371,3608828,Iralaya,HN,15.0,-83.2333,84.29,76,33,9.6
372,5110365,Broome,US,42.2506,-75.833,75.99,45,1,3.0
373,2239862,Malanje,AO,-9.5402,16.341,63.95,42,56,0.92
374,4034188,Moerai,PF,-22.4333,-151.3333,73.47,74,52,8.77
375,124291,Mehrān,IR,33.1222,46.1646,87.28,10,0,14.18
376,5838199,Sheridan,US,44.8333,-106.9173,84.9,27,20,3.0
377,2012956,Yerbogachën,RU,61.2767,108.0108,66.52,63,99,3.06
378,2260401,Djambala,CG,-2.5447,14.7533,75.42,62,99,1.81
379,1254046,Tura,IN,25.5198,90.2201,73.99,98,94,7.05
380,735418,Limenaria,GR,40.6261,24.5786,81.72,85,8,1.32
381,2619537,Hvide Sande,DK,56.0045,8.1294,52.84,84,13,10.78
382,2381334,Atar,MR,20.5169,-13.0499,95.92,14,8,10.8
383,3095049,Koszalin,PL,54.1944,16.1722,62.67,95,100,5.95
384,1636308,Manokwari,ID,-0.8667,134.0833,77.25,78,8,4.27
385,3893629,Coquimbo,CL,-29.9533,-71.3436,58.73,82,0,12.66
386,1855540,Naze,JP,28.3667,129.4833,73.0,80,100,8.34
387,2181625,Te Anau,NZ,-45.4167,167.7167,49.05,97,100,5.79
388,212730,Kisangani,CD,0.5167,25.2,75.33,70,100,1.28
389,5962442,Goderich,CA,43.7501,-81.7165,74.14,49,100,16.11
390,1273673,Daitari,IN,21.1,85.75,75.97,87,20,3.71
391,4013679,Coahuayana Viejo,MX,18.7333,-103.6833,87.28,64,93,7.65
392,1785036,Zhangye,CN,38.9342,100.4517,65.16,49,87,6.93
393,2122574,Ola,RU,59.5833,151.2833,48.22,90,100,2.1
394,3932145,Pisco,PE,-13.7,-76.2167,66.25,72,0,17.27
395,2458334,Douentza,ML,14.9951,-2.9517,95.76,29,31,6.29
396,1272864,Dhārchula,IN,29.85,80.5333,68.7,83,0,3.87
397,2128975,Nemuro,JP,43.3236,145.575,53.62,98,32,10.47
398,3522526,Nuevo Progreso,MX,23.1667,-97.95,89.62,66,3,5.99
399,2125693,Evensk,RU,61.95,159.2333,61.2,52,100,3.69
400,6050066,La Ronge,CA,55.1001,-105.2842,71.85,30,20,12.66
401,2656847,Atherton,GB,53.5237,-2.4935,59.29,95,100,3.0
402,3575755,La Plaine,DM,15.3333,-61.25,82.69,78,75,3.44
403,6065262,Maniwaki,CA,46.3834,-75.966,77.38,38,100,14.97
404,5334223,Carlsbad,US,33.1581,-117.3506,75.04,69,1,7.0
405,4033356,Tiarei,PF,-17.5333,-149.3333,80.62,81,36,16.82
406,3203840,Bogatić,RS,44.8375,19.4806,74.34,65,57,6.87
407,2416440,Pita,GN,10.8333,-12.5833,73.45,94,100,1.99
408,1267772,Karhal,IN,27.0003,78.9414,90.07,50,100,7.49
409,2137773,Vao,NC,-22.6667,167.4833,70.99,63,95,19.28
410,520041,Nolinsk,RU,57.5596,49.9363,72.01,80,29,0.89
411,1521230,Makīnsk,KZ,52.6292,70.4169,42.87,82,98,6.26
412,2374583,Bubaque,GW,11.2833,-15.8333,80.11,81,92,10.94
413,6148373,Sioux Lookout,CA,50.1001,-91.917,77.07,38,40,11.5
414,1685422,Sulangan,PH,11.1373,123.7228,83.07,72,100,2.51
415,1576303,Lao Cai,VN,22.4833,103.95,76.44,96,96,1.45
416,5380437,Pacific Grove,US,36.6177,-121.9166,67.42,70,1,5.99
417,3456642,Mozarlândia,BR,-14.7447,-50.5706,84.16,25,0,4.12
418,5554428,Ketchikan,US,55.3422,-131.6461,57.33,97,100,4.54
419,2447513,Arlit,NE,18.7369,7.3853,92.86,18,32,6.29
420,5954718,Flin Flon,CA,54.7682,-101.865,67.84,32,20,14.97
421,4005492,Guadalupe,MX,25.6833,-100.25,87.67,58,75,3.0
422,107304,Buraidah,SA,26.326,43.975,91.85,13,79,8.61
423,962367,Richards Bay,ZA,-28.783,32.0377,62.69,92,4,6.24
424,5859699,College,US,64.8569,-147.8028,74.75,41,75,9.22
425,2446796,Bilma,NE,18.6853,12.9164,94.55,15,67,6.51
426,2394819,Cotonou,BJ,6.3654,2.4183,80.58,83,40,8.05
427,1622318,Waingapu,ID,-9.6567,120.2641,75.65,87,82,4.9
428,6166142,Thunder Bay,CA,48.4001,-89.3168,79.65,39,75,6.91
429,1502422,Kosh-Agach,RU,50.0,88.6667,45.57,68,100,6.33
430,2641434,Northam,GB,51.0333,-4.2167,59.79,92,76,7.67
431,4231997,Avera,US,33.194,-82.5271,82.81,43,51,10.6
432,1525376,Bestöbe,KZ,52.4994,73.0975,52.93,77,98,6.91
433,2121025,Srednekolymsk,RU,67.45,153.6833,68.16,33,55,9.6
434,1278094,Ayodhya,IN,26.8,82.2,85.19,73,99,5.46
435,638936,Rovaniemi,FI,66.5,25.7167,62.01,67,0,6.91
436,2012349,Krasnyy Chikoy,RU,50.3643,108.7512,55.17,96,98,2.1
437,2234339,Bétaré Oya,CM,5.6,14.0833,67.41,95,80,2.1
438,2178753,Kirakira,SB,-10.4544,161.9205,79.52,84,100,12.93
439,2392087,Porto-Novo,BJ,6.4965,2.6036,80.42,82,96,5.1
440,293842,Kiryat Gat,IL,31.61,34.7642,74.79,72,0,0.47
441,3675657,Maicao,CO,11.3832,-72.2432,87.53,53,99,12.44
442,3372760,Praia da Vitória,PT,38.7333,-27.0667,68.25,88,20,5.12
443,6323121,Florianópolis,BR,-27.6146,-48.5012,65.08,84,75,3.0
444,2134814,Sola,VU,-13.8833,167.55,77.67,78,75,13.8
445,464790,Zapolyarnyy,RU,69.4154,30.8136,47.48,83,16,3.94
446,6104841,Pincher Creek,CA,49.4833,-113.952,60.75,72,75,3.44
447,3386213,Touros,BR,-5.1989,-35.4608,79.7,72,74,12.62
448,6137462,Saint-Augustin,CA,51.226,-58.6502,68.52,43,43,23.35
449,1788450,Xinzhou,CN,38.4092,112.7333,70.32,61,100,0.31
450,1512223,Abalak,RU,58.1286,68.5944,51.46,66,66,3.11
451,3839307,Rawson,AR,-43.3002,-65.1023,54.34,44,0,14.65
452,3653967,Muisne,EC,0.6,-80.0333,78.3,81,79,14.74
453,4005870,General Cepeda,MX,25.3833,-101.45,87.21,34,81,11.27
454,1244926,Hambantota,LK,6.1241,81.1185,79.32,83,68,16.98
455,2618795,Klaksvík,FO,62.2266,-6.589,47.32,82,79,19.82
456,1701054,Marawi,PH,7.9986,124.2928,66.65,93,93,2.64
457,3703938,Natá,PA,8.3333,-80.5167,87.67,58,89,12.03
458,3412093,Vestmannaeyjar,IS,63.4427,-20.2734,49.12,75,100,6.24
459,1529484,Kumul,CN,42.8,93.45,79.39,21,1,3.96
460,3465769,Conceição da Barra,BR,-18.5933,-39.7322,68.41,72,54,5.41
461,3622716,Nicoya,CR,10.1483,-85.452,85.55,59,100,3.09
462,119374,Qeshm,IR,26.9581,56.2719,87.67,70,0,11.52
463,1563287,Tuyen Quang,VN,21.8233,105.2181,77.72,89,95,2.01
464,6096551,Pangnirtung,CA,66.1451,-65.7125,51.8,58,20,4.61
465,292968,Abu Dhabi,AE,24.4667,54.3667,91.42,66,0,0.0
466,2017378,Rudnogorsk,RU,57.2639,103.7519,50.05,96,99,2.28
467,521118,Nizhnekamsk,RU,55.6366,51.8245,72.39,78,0,11.18
468,286245,Sur,OM,22.5667,59.5289,87.31,56,26,17.02
469,515698,Olenegorsk,RU,68.15,33.3,50.5,93,98,1.59
470,5150651,Clyde,US,41.3042,-82.9752,83.17,44,100,13.65
471,342567,Bedelē,ET,8.456,36.353,55.42,97,100,2.66
472,1712961,Gigmoto,PH,13.7796,124.39,80.96,84,62,6.17
473,3576994,Cockburn Town,TC,21.4612,-71.1419,80.55,78,100,14.45
474,2440485,Niamey,NE,13.5137,2.1098,91.69,40,20,4.61
475,228971,Mubende,UG,0.5606,31.39,65.52,73,93,2.53
476,4987673,Calhoun,US,42.2506,-85.0005,71.76,78,90,0.0
477,1651591,Amahai,ID,-3.3333,128.9167,76.91,87,93,3.56
478,6078112,Moose Jaw,CA,50.4001,-105.5344,61.05,74,75,1.14
479,364103,Wad Medani,SD,14.4012,33.5199,92.77,34,100,10.51
480,1497337,Kayerkan,RU,69.3497,87.7602,45.0,75,98,5.77
481,2082539,Merauke,ID,-8.4667,140.3333,76.24,85,100,10.33
482,1510689,Baykit,RU,61.67,96.37,56.77,99,100,4.34
483,3105522,Bereda,ES,43.2686,-7.5406,55.08,98,22,5.01
484,1295765,Sittwe,MM,20.15,92.9,79.02,86,34,1.14
485,3421193,Paamiut,GL,61.994,-49.6678,41.81,98,100,20.69
486,3870243,Taltal,CL,-25.4,-70.4833,63.7,63,0,2.57
487,2079582,Alyangula,AU,-13.8483,136.4192,72.91,87,74,8.66
488,1735799,Sri Aman,MY,1.2376,111.4621,77.05,88,100,4.61
489,1509844,Boguchany,RU,58.3814,97.4531,50.77,94,36,2.64
490,359796,Suez,EG,29.9737,32.5263,78.33,50,0,8.72
491,2094342,Kavieng,PG,-2.5744,150.7967,81.41,77,98,8.1
492,2127202,Anadyr,RU,64.75,177.4833,60.01,55,0,8.01
493,518418,Novoorsk,RU,51.381,58.9813,63.25,43,57,3.6
494,104515,Makkah al Mukarramah,SA,21.4267,39.8261,93.07,30,36,3.47
495,3461465,Iguape,BR,-24.7081,-47.5553,66.11,85,97,9.19
496,3407407,Aquiraz,BR,-3.9014,-38.3911,80.69,72,61,6.76
497,6201197,Muhafazat Lahij,YE,13.1667,44.5833,89.37,40,100,3.11
498,3582228,Stann Creek Town,BZ,16.9692,-88.2321,85.98,78,100,11.25
499,1250161,Batticaloa,LK,7.7102,81.6924,79.84,70,100,8.93
500,1131162,Panjāb,AF,34.388,67.0233,50.23,34,0,5.3
501,2013399,Vikhorevka,RU,56.1201,101.1636,49.59,95,0,2.33
502,4031637,Lavrentiya,RU,65.5833,-171.0,51.73,58,100,8.7
503,491029,Solginskiy,RU,61.05,41.3428,68.43,74,8,1.28
504,3996426,Matamoros,MX,25.5333,-103.25,95.11,28,75,11.5
505,4047434,Russell,US,32.3502,-85.1999,83.08,74,75,4.61
506,4944903,Nantucket,US,41.2835,-70.0995,68.63,52,40,16.11
507,4362001,Mayo,US,38.8876,-76.5119,76.53,46,1,5.99
508,5916821,Cardston,CA,49.2,-113.3019,56.41,88,100,8.05
509,1506260,Gornyak,RU,50.9942,81.4661,50.83,97,100,9.91
510,3452599,Posse,BR,-14.0931,-46.3694,74.48,37,2,3.87
511,1499053,Megion,RU,61.0296,76.1136,46.42,84,67,8.19
512,2214432,Nālūt,LY,30.3333,10.85,92.71,13,25,6.06
513,5864145,Homer,US,59.6425,-151.5483,56.16,71,90,8.05
514,1513491,Yangi Marg`ilon,UZ,40.4272,71.7189,77.68,18,3,11.5
515,1816751,Beidao,CN,34.5686,105.8933,64.71,94,100,2.04
516,2206874,Waipawa,NZ,-41.4122,175.5153,53.1,76,99,21.09
517,2514651,Los Llanos de Aridane,ES,28.6585,-17.9182,63.12,79,90,12.66
518,1790437,Zhuhai,CN,22.2769,113.5678,80.02,89,40,6.91
519,3359638,Walvis Bay,NA,-22.9575,14.5053,58.15,67,0,1.14
520,556858,Imeni Babushkina,RU,59.7573,43.1285,71.67,78,91,5.08
521,3129661,Arenys de Mar,ES,41.5819,2.5494,69.93,79,74,1.19
522,475955,Velizh,RU,55.6056,31.1967,71.22,88,19,4.65
523,3353540,Rehoboth,NA,-23.3167,17.0833,55.72,36,0,6.44
524,1489401,Toora-Khem,RU,52.4675,96.11,47.61,68,99,2.35
525,2299625,Kintampo,GH,8.0563,-1.7306,72.64,90,48,5.03
526,2173125,Burnie,AU,-41.0667,145.9167,43.92,88,61,7.36
527,3391889,Pitimbu,BR,-7.4706,-34.8086,75.79,83,75,12.91
528,933277,Mosetse,BW,-20.75,26.65,59.2,42,0,5.48
529,3457862,Maracaí,BR,-22.6106,-50.6672,72.09,54,93,1.99
530,5955826,Fort Frances,CA,48.5999,-93.4003,79.03,40,40,3.44
531,1526970,Abay,KZ,49.6311,72.8539,37.78,79,28,0.45
532,1067565,Beloha,MG,-25.1667,45.05,60.64,85,20,0.6
533,4845585,Westport,US,41.1415,-73.3579,72.46,53,1,1.01
534,3984997,San Quintín,MX,30.4833,-115.95,70.99,69,3,18.81
535,1650434,Bambanglipuro,ID,-7.95,110.2833,57.6,92,100,4.0
536,1495626,Pangody,RU,65.85,74.4859,44.11,79,0,6.46
537,2476396,Timizart,DZ,36.8,4.2667,68.18,82,62,5.7
538,3836620,Orán,AR,-23.1322,-64.326,65.71,38,12,3.4
539,1494237,Predivinsk,RU,57.0669,93.4378,53.44,83,100,1.54
540,4034551,Faanui,PF,-16.4833,-151.75,80.22,73,14,13.09
541,3451138,Rio Grande,BR,-32.035,-52.0986,60.94,88,100,17.43
542,3393692,Itarema,BR,-2.9248,-39.9167,79.02,75,91,12.82
543,3571913,Marsh Harbour,BS,26.5412,-77.0636,82.27,69,98,13.2
544,2109701,Auki,SB,-8.7676,160.7034,78.71,84,100,5.91
545,3573374,The Valley,AI,18.217,-63.0578,84.27,70,20,13.8
546,561804,Gavrilovka Vtoraya,RU,52.877,42.7663,72.09,77,99,0.92
547,1648636,Bitung,ID,1.4451,125.1824,76.05,81,20,6.17
548,2122262,Palana,RU,59.1167,159.9667,42.76,93,100,6.82
549,1337607,Kudahuvadhoo,MV,2.6708,72.8944,82.65,74,100,14.63
550,359783,Assiut,EG,27.181,31.1837,88.72,25,0,13.44
551,3579925,St. George's,GD,12.0564,-61.7485,83.88,74,20,14.97
552,3877949,Osorno,CL,-40.5667,-73.15,50.31,76,75,8.05
553,1848976,Wajima,JP,37.4,136.9,67.69,81,57,4.16
554,3451399,Ribas do Rio Pardo,BR,-20.4431,-53.7592,80.53,32,97,8.3
555,186180,Moyale,KE,3.5167,39.0584,69.73,60,100,10.42
556,934479,Grand Gaube,MU,-20.0064,57.6608,69.39,64,93,4.0
557,3118304,Llanes,ES,43.4198,-4.7549,62.02,80,39,4.83
558,2629833,Husavik,IS,66.0449,-17.3389,53.51,67,100,4.16
